Review No,Customer Name,Date,Rating,Review,Services Rated,Verified Purchase
1,Larra,"Reviewed Oct. 20, 2024",4 stars,I have had Marriott Bonvoy card with points for about 3 years now. I have never had any trouble booking or canceling a reservation. If you use their app the booking results in cheaper points for the room. You have 24 hours prior to cancel with no fee and they return the points to your card. We have used them for vacation and my husband drives a truck so on the fly it is super easy if he needs a room for the night to see what is available and use our points. We haven't had an issue with Marriott hotels. We never book through a 3rd party.,Online & App,No
2,Brigina,"Reviewed May 21, 2024",4 stars,"It's sad to say that the customer service they are provided by the gentleman David at the front counter was excellent, but they should reconsider their policy of charging $25 per night for parking.. We paid almost $400 just for 3 nights in the hotel and then on top of that To be charged $25 per night For parking. We could have gone to a different name brand hotel which would have been cheaper and not even charged for parking. We choose Marriott because we like the brand but after this encounter, we will be terminating our Bonvoy account and reaching out to other hotels for our future visits.","Customer Service, Price",Yes
3,Home Sweet,"Reviewed April 11, 2024",4 stars,Great experience with Kash. Great customer service. This was my first time coming to this hotel. Rooms are pretty nice also. My kids enjoyed the free beverage given at the time of check in. The rooms are nice and clean.,Customer Service,No
4,Karena,"Reviewed April 9, 2024",5 stars,"My husband, nephew, and I stayed at the Fairfield Inn and Suites by Marriott in Avon, Ohio, to view and photograph the Solar Eclipse on April 8. I had talked to several front desk staff members prior to our stay and asked about room types. Carmen and Lisa were so nice and accommodating. Most reviews on Trip Advisor were positive and we looked forward to our first stay there. When we arrived on Friday, April 5, Pam, the manager, greeted us. WOW! She has the brightest smile and the personality to go with it! She was working at the hotel for all five days of our stay. She was always smiling, and even when things got stressful at the front desk, she was pleasant. Haley is another staff member who is at the top of our list of people to comment on. She had a smile for every person! Housekeeping staff were also professional and pleasant. We had a King Suite, which is one of the nicest room types that we have stayed in.",Staff,No
5,Deanna,"Reviewed Jan. 11, 2024",5 stars,"Eddie (Eduardo) at the Miami Dolphin Mall Marriot was extremely friendly. I had such a great experience because Eddie was so happy and kind every time I walked through the front door. All of the front desks people were also very friendly. They went out of their way to be accommodating. For example, my key wouldn't work for the gym. After the front desk helped me in, they brought me a water as well. If I have the opportunity, I will definitely go back to this hotel.",Staff,No
6,Rahn,"Reviewed Nov. 26, 2024",1 stars,I was being deployed to Austin Texas for FEMA. I called various hotels and explained I was only authorized for $110/night. Residence Inn Austin South agreed to this pricing! When I checked in it was acceptable but when I checked out they charged me $159/night!! REFUSED to make the bill right!! REFUSED to charge taxes! DO NOT STAY HERE!! RIPOFF ESTABLISHMENT!! THEY HAD A STOLEN CAR STRIPPED IN THE PARKING LOT!!,No services rated,No
7,Donald,"Reviewed Nov. 19, 2024",1 stars,"I am writing to express my extreme disappointment with my recent stay at the MGM Signature. Despite the hotel being advertised as a Marriott Bonvoy partner, we encountered numerous issues that significantly detracted from our experience. Firstly, the hotel staff, with the exception of Omar and Betty, were unhelpful and unprofessional. They refused to recognize our Marriott Bonvoy membership, despite the booking being made through Concur, our company's travel agency. This led to unnecessary charges, such as an early check-in fee and a fee for a basic room upgrade, which is atypical for Marriott properties.","Sales & Marketing, Price, Staff",Yes
8,Lynda,"Reviewed Nov. 17, 2024",2 stars,"Yes, we booked a nonrefundable stay at Georgetown Marriott expecting to witness the Inauguration of Kamala Harris. We paid an outrageous $1000 per night as few reservations were available through the area and proximity was a priority for medical concerns. We asked for a check in dates or a transfer to another Marriott in the future. We will be out $3000 plus tax and other fees. Obviously, others interested in the 2025 Inauguration will be seeking Marriott accommodations. This would be a win/win for all concerned. Marriott makes more money, a Republican family takes the booking and my family keeps their loyalty as Marriott Bonvoy members.",No services rated,Yes
9,Melissa,"Reviewed Oct. 15, 2024",1 stars,"Arrived after long travel to hotel with no hot water that they were previously aware of, would not have for a few days. Failed to notify guest, we were left late at night in almost sold out city, no help. Even if they had made an attempt to reach out earlier in the day we could have made arrangements. Front desk refused to give her name, said no manager to contact, all off duty and could not assist with any numbers or people to help. I have the entire conversations with the front desk on video, it is utterly ridiculous. We even stopped at a store nearby before going to check in because we had the suite with kitchenette and wanted to have food on hand for my diabetic mother. Had to let it go to waste.","Price, Punctuality & Speed, Staff",Yes
10,Allegra,"Reviewed Oct. 14, 2024",1 stars,"I stayed at the Marriott Bonvoy in Portsmouth from 10/10-10/13 for a conference. The conference booked a block of rooms for conference attendees, so I booked a stay there. It was a big mistake. Problems with our stay:",Staff,No
11,Lynda,"Reviewed Nov. 17, 2024",2 stars,"Yes, we booked a nonrefundable stay at Georgetown Marriott expecting to witness the Inauguration of Kamala Harris. We paid an outrageous $1000 per night as few reservations were available through the area and proximity was a priority for medical concerns. We asked for a check in dates or a transfer to another Marriott in the future. We will be out $3000 plus tax and other fees. Obviously, others interested in the 2025 Inauguration will be seeking Marriott accommodations. This would be a win/win for all concerned. Marriott makes more money, a Republican family takes the booking and my family keeps their loyalty as Marriott Bonvoy members.",No services rated,Yes
12,Cindy,"Reviewed July 6, 2024",2 stars,"We stayed at Marriott in Covington, KY over the 4th of July 2024. Hotel went through renovations and was a disappointment. Floors were dirty and sticky, no hooks in bathroom to hang clothes or towels and no exhaust fan. Lighting in bathroom was very dim with no way of making it brighter. You have to pay for parking each time you leave the parking garage. That adds up quickly if you come and go a few times. Strongly feel the hotel should provide free parking since they charge enough for the rooms. The hotel only had 1 restaurant (other one closed after renovations) and did not provide a good selection. Food was decent but overpriced. Had to have bed mattress replaced due to feeling the springs. Took over 2 hrs for this to be swapped out. Don't feel we'll be staying at any Marriott's anytime soon.","Price, Punctuality & Speed",No
13,TKO,"Reviewed May 9, 2024",2 stars,"Adolphus hotel in Dallas Texas. If you’re wearing high heels, please beware of the escalator in the main lobby area of the hotel. My heel got stuck but fortunately I was able to get my foot out just inches before my shoe was shredded at the bottom of escalator.",No services rated,No
14,Luis,"Reviewed Jan. 30, 2024",2 stars,"In August 2023 I joined Bonvoy to take advantage of the 3 free days after expending $3000 in first three months. Me, ANA ** and my husband LUIS **, opened a Chase Visa account, and spent over $5000 on this card. Our points and our 3 free nights (150000 pts) were never deposited in our own account. Instead, they made a mess and apparently is my father in law who lives in Brazil, AND IS NOT A CHASE CARD MEMBER IN OUR ACCOUNT. He is getting our points and MARRIOTT NEEDS TO CALL US IF THEY NEED MORE DETAILS. They don't want to credit my 3 nights and our points to our account.","Customer Service, Staff",No
15,Mitchell,"Reviewed Oct. 2, 2023",2 stars,"Springhill Suites Myrtle Beach Oceanfront 3rd week Sept 2023; Newer hotel that has potential, but many flaws. First, did you know that you can only leave a review for your Marriott hotel on their website if Marriott invites you to leave a review? If you complain at the hotel about any issues, it is unlikely you will get invited to leave a review. Even as a newer hotel, this hotel website only gets a 4.2. Some lesser reviews must have squeaked through!","Price, Staff",No
16,Deb,"Reviewed April 5, 2023",2 stars,"Experienced another Marriott deceptive practice. After experiencing how the chain processes their transactions against a customers card, one to which they deny but has been verified with my bank. They send an authorization request to your bank upon check in and instead of using that same authorization number to process the charges when you check out, they submit a second authorization request to your bank for the final charges. Resulting in duplicate amount of charges frozen on your account,( if using a debit/bank card) until your bank receives the charges to one if the two authorizations they gave to the hotel. Now, I have experienced the hotel moving my reservation which was booked in advance and charging me the rate of the day which was $800 more than the rate originally booked.",No services rated,No
17,Dewayne,"Reviewed April 4, 2023",2 stars,"Marriott should be ashamed to put their name on this product. Just came back from a month where we stayed at four Marriott hotels and three (Nashville, Jacksonville, Louisville) were five of five star rooms I would be generous if I gave the Villages a ONE! All businesses need a cash cow but this should have been given to a Motel 6 years ago. The facilities were way too old and not refurbished, service/linens/cleanliness (I could go on forever) were very very subpar. After seeing Trip Advisor I obviously need to be much more careful using the Marriott product in the future. Shame on Marriott Management.",No services rated,No
18,Emily,"Reviewed Aug. 21, 2021",2 stars,"I had a recent stay at Fairfield Inn. I booked last minute in the middle of a 3 day power outage with on a dark a s story night. I discovered after I was dropped off at the hotel that my wallet was back in my dark powerless home. The staff was extremely rude, no empathy for my situation and I did not get a proper explanation as to why I could not Check into the hotel with proof of my booking and other identification of who I was on me. The best they could do was put me on a phone with a rude manager who suggested I walk away from my non refundable booking and go to another hotel. I finally had my dad find my id and stop it off. The room was clean but uncomfortable mattress, and fluorescent outdoor light that filtered in the room.","Customer Service, Staff",Yes
19,RICK,"Reviewed June 21, 2021",2 stars,"Upon arrival at the Hotel their Computer Reservation System was not working. They could not swipe my Credit Card, but I returned the next morning and presented them with my Capital MasterCard. After returning home, I discovered they had a Netspend Visa Debit Card on File, and billed both my MasterCard and Visa. Told I was due an $813.00 Credit to my Visa Card, but nothing to date 2 weeks later and emails to both Marriott.com and directly to the Courtyard Hotel in Aruba. They took my money in one quick swipe but cannot seem to figure how to credit their error which they keep acknowledging. No Excuse - Poor Billing and Front Desk operation.",Customer Service,No
20,howard,"Reviewed April 23, 2021",2 stars,"Went to Marriot in Santa Marta Colombia with a group. Clean hotel, advertised a large room, gave me half of what I wanted, breakfast poor at best, dinners very good, poolside waiter staff excellent, nice pool, bathroom counter almost ripped off wall, and left with a positive PCR test while there... What else can a person say??","Sales & Marketing, Staff",No
21,Lynda,"Reviewed Nov. 17, 2024",2 stars,"Yes, we booked a nonrefundable stay at Georgetown Marriott expecting to witness the Inauguration of Kamala Harris. We paid an outrageous $1000 per night as few reservations were available through the area and proximity was a priority for medical concerns. We asked for a check in dates or a transfer to another Marriott in the future. We will be out $3000 plus tax and other fees. Obviously, others interested in the 2025 Inauguration will be seeking Marriott accommodations. This would be a win/win for all concerned. Marriott makes more money, a Republican family takes the booking and my family keeps their loyalty as Marriott Bonvoy members.",No services rated,Yes
22,Cindy,"Reviewed July 6, 2024",2 stars,"We stayed at Marriott in Covington, KY over the 4th of July 2024. Hotel went through renovations and was a disappointment. Floors were dirty and sticky, no hooks in bathroom to hang clothes or towels and no exhaust fan. Lighting in bathroom was very dim with no way of making it brighter. You have to pay for parking each time you leave the parking garage. That adds up quickly if you come and go a few times. Strongly feel the hotel should provide free parking since they charge enough for the rooms. The hotel only had 1 restaurant (other one closed after renovations) and did not provide a good selection. Food was decent but overpriced. Had to have bed mattress replaced due to feeling the springs. Took over 2 hrs for this to be swapped out. Don't feel we'll be staying at any Marriott's anytime soon.","Price, Punctuality & Speed",No
23,TKO,"Reviewed May 9, 2024",2 stars,"Adolphus hotel in Dallas Texas. If you’re wearing high heels, please beware of the escalator in the main lobby area of the hotel. My heel got stuck but fortunately I was able to get my foot out just inches before my shoe was shredded at the bottom of escalator.",No services rated,No
24,Luis,"Reviewed Jan. 30, 2024",2 stars,"In August 2023 I joined Bonvoy to take advantage of the 3 free days after expending $3000 in first three months. Me, ANA ** and my husband LUIS **, opened a Chase Visa account, and spent over $5000 on this card. Our points and our 3 free nights (150000 pts) were never deposited in our own account. Instead, they made a mess and apparently is my father in law who lives in Brazil, AND IS NOT A CHASE CARD MEMBER IN OUR ACCOUNT. He is getting our points and MARRIOTT NEEDS TO CALL US IF THEY NEED MORE DETAILS. They don't want to credit my 3 nights and our points to our account.","Customer Service, Staff",No
25,Mitchell,"Reviewed Oct. 2, 2023",2 stars,"Springhill Suites Myrtle Beach Oceanfront 3rd week Sept 2023; Newer hotel that has potential, but many flaws. First, did you know that you can only leave a review for your Marriott hotel on their website if Marriott invites you to leave a review? If you complain at the hotel about any issues, it is unlikely you will get invited to leave a review. Even as a newer hotel, this hotel website only gets a 4.2. Some lesser reviews must have squeaked through!","Price, Staff",No
26,Deb,"Reviewed April 5, 2023",2 stars,"Experienced another Marriott deceptive practice. After experiencing how the chain processes their transactions against a customers card, one to which they deny but has been verified with my bank. They send an authorization request to your bank upon check in and instead of using that same authorization number to process the charges when you check out, they submit a second authorization request to your bank for the final charges. Resulting in duplicate amount of charges frozen on your account,( if using a debit/bank card) until your bank receives the charges to one if the two authorizations they gave to the hotel. Now, I have experienced the hotel moving my reservation which was booked in advance and charging me the rate of the day which was $800 more than the rate originally booked.",No services rated,No
27,Dewayne,"Reviewed April 4, 2023",2 stars,"Marriott should be ashamed to put their name on this product. Just came back from a month where we stayed at four Marriott hotels and three (Nashville, Jacksonville, Louisville) were five of five star rooms I would be generous if I gave the Villages a ONE! All businesses need a cash cow but this should have been given to a Motel 6 years ago. The facilities were way too old and not refurbished, service/linens/cleanliness (I could go on forever) were very very subpar. After seeing Trip Advisor I obviously need to be much more careful using the Marriott product in the future. Shame on Marriott Management.",No services rated,No
28,Emily,"Reviewed Aug. 21, 2021",2 stars,"I had a recent stay at Fairfield Inn. I booked last minute in the middle of a 3 day power outage with on a dark a s story night. I discovered after I was dropped off at the hotel that my wallet was back in my dark powerless home. The staff was extremely rude, no empathy for my situation and I did not get a proper explanation as to why I could not Check into the hotel with proof of my booking and other identification of who I was on me. The best they could do was put me on a phone with a rude manager who suggested I walk away from my non refundable booking and go to another hotel. I finally had my dad find my id and stop it off. The room was clean but uncomfortable mattress, and fluorescent outdoor light that filtered in the room.","Customer Service, Staff",Yes
29,RICK,"Reviewed June 21, 2021",2 stars,"Upon arrival at the Hotel their Computer Reservation System was not working. They could not swipe my Credit Card, but I returned the next morning and presented them with my Capital MasterCard. After returning home, I discovered they had a Netspend Visa Debit Card on File, and billed both my MasterCard and Visa. Told I was due an $813.00 Credit to my Visa Card, but nothing to date 2 weeks later and emails to both Marriott.com and directly to the Courtyard Hotel in Aruba. They took my money in one quick swipe but cannot seem to figure how to credit their error which they keep acknowledging. No Excuse - Poor Billing and Front Desk operation.",Customer Service,No
30,howard,"Reviewed April 23, 2021",2 stars,"Went to Marriot in Santa Marta Colombia with a group. Clean hotel, advertised a large room, gave me half of what I wanted, breakfast poor at best, dinners very good, poolside waiter staff excellent, nice pool, bathroom counter almost ripped off wall, and left with a positive PCR test while there... What else can a person say??","Sales & Marketing, Staff",No
31,Lynda,"Reviewed Nov. 17, 2024",2 stars,"Yes, we booked a nonrefundable stay at Georgetown Marriott expecting to witness the Inauguration of Kamala Harris. We paid an outrageous $1000 per night as few reservations were available through the area and proximity was a priority for medical concerns. We asked for a check in dates or a transfer to another Marriott in the future. We will be out $3000 plus tax and other fees. Obviously, others interested in the 2025 Inauguration will be seeking Marriott accommodations. This would be a win/win for all concerned. Marriott makes more money, a Republican family takes the booking and my family keeps their loyalty as Marriott Bonvoy members.",No services rated,Yes
32,Cindy,"Reviewed July 6, 2024",2 stars,"We stayed at Marriott in Covington, KY over the 4th of July 2024. Hotel went through renovations and was a disappointment. Floors were dirty and sticky, no hooks in bathroom to hang clothes or towels and no exhaust fan. Lighting in bathroom was very dim with no way of making it brighter. You have to pay for parking each time you leave the parking garage. That adds up quickly if you come and go a few times. Strongly feel the hotel should provide free parking since they charge enough for the rooms. The hotel only had 1 restaurant (other one closed after renovations) and did not provide a good selection. Food was decent but overpriced. Had to have bed mattress replaced due to feeling the springs. Took over 2 hrs for this to be swapped out. Don't feel we'll be staying at any Marriott's anytime soon.","Price, Punctuality & Speed",No
33,TKO,"Reviewed May 9, 2024",2 stars,"Adolphus hotel in Dallas Texas. If you’re wearing high heels, please beware of the escalator in the main lobby area of the hotel. My heel got stuck but fortunately I was able to get my foot out just inches before my shoe was shredded at the bottom of escalator.",No services rated,No
34,Luis,"Reviewed Jan. 30, 2024",2 stars,"In August 2023 I joined Bonvoy to take advantage of the 3 free days after expending $3000 in first three months. Me, ANA ** and my husband LUIS **, opened a Chase Visa account, and spent over $5000 on this card. Our points and our 3 free nights (150000 pts) were never deposited in our own account. Instead, they made a mess and apparently is my father in law who lives in Brazil, AND IS NOT A CHASE CARD MEMBER IN OUR ACCOUNT. He is getting our points and MARRIOTT NEEDS TO CALL US IF THEY NEED MORE DETAILS. They don't want to credit my 3 nights and our points to our account.","Customer Service, Staff",No
35,Mitchell,"Reviewed Oct. 2, 2023",2 stars,"Springhill Suites Myrtle Beach Oceanfront 3rd week Sept 2023; Newer hotel that has potential, but many flaws. First, did you know that you can only leave a review for your Marriott hotel on their website if Marriott invites you to leave a review? If you complain at the hotel about any issues, it is unlikely you will get invited to leave a review. Even as a newer hotel, this hotel website only gets a 4.2. Some lesser reviews must have squeaked through!","Price, Staff",No
36,Deb,"Reviewed April 5, 2023",2 stars,"Experienced another Marriott deceptive practice. After experiencing how the chain processes their transactions against a customers card, one to which they deny but has been verified with my bank. They send an authorization request to your bank upon check in and instead of using that same authorization number to process the charges when you check out, they submit a second authorization request to your bank for the final charges. Resulting in duplicate amount of charges frozen on your account,( if using a debit/bank card) until your bank receives the charges to one if the two authorizations they gave to the hotel. Now, I have experienced the hotel moving my reservation which was booked in advance and charging me the rate of the day which was $800 more than the rate originally booked.",No services rated,No
37,Dewayne,"Reviewed April 4, 2023",2 stars,"Marriott should be ashamed to put their name on this product. Just came back from a month where we stayed at four Marriott hotels and three (Nashville, Jacksonville, Louisville) were five of five star rooms I would be generous if I gave the Villages a ONE! All businesses need a cash cow but this should have been given to a Motel 6 years ago. The facilities were way too old and not refurbished, service/linens/cleanliness (I could go on forever) were very very subpar. After seeing Trip Advisor I obviously need to be much more careful using the Marriott product in the future. Shame on Marriott Management.",No services rated,No
38,Emily,"Reviewed Aug. 21, 2021",2 stars,"I had a recent stay at Fairfield Inn. I booked last minute in the middle of a 3 day power outage with on a dark a s story night. I discovered after I was dropped off at the hotel that my wallet was back in my dark powerless home. The staff was extremely rude, no empathy for my situation and I did not get a proper explanation as to why I could not Check into the hotel with proof of my booking and other identification of who I was on me. The best they could do was put me on a phone with a rude manager who suggested I walk away from my non refundable booking and go to another hotel. I finally had my dad find my id and stop it off. The room was clean but uncomfortable mattress, and fluorescent outdoor light that filtered in the room.","Customer Service, Staff",Yes
39,RICK,"Reviewed June 21, 2021",2 stars,"Upon arrival at the Hotel their Computer Reservation System was not working. They could not swipe my Credit Card, but I returned the next morning and presented them with my Capital MasterCard. After returning home, I discovered they had a Netspend Visa Debit Card on File, and billed both my MasterCard and Visa. Told I was due an $813.00 Credit to my Visa Card, but nothing to date 2 weeks later and emails to both Marriott.com and directly to the Courtyard Hotel in Aruba. They took my money in one quick swipe but cannot seem to figure how to credit their error which they keep acknowledging. No Excuse - Poor Billing and Front Desk operation.",Customer Service,No
40,howard,"Reviewed April 23, 2021",2 stars,"Went to Marriot in Santa Marta Colombia with a group. Clean hotel, advertised a large room, gave me half of what I wanted, breakfast poor at best, dinners very good, poolside waiter staff excellent, nice pool, bathroom counter almost ripped off wall, and left with a positive PCR test while there... What else can a person say??","Sales & Marketing, Staff",No
